{
    "BATCH_SIZE": 128,
    "LEARNING_RATE": 5e-05,
    "EPOCHS": 74,
    "DEVICE": "cuda",
    "TRAIN_DIR": "../../../dataset/plantnet_300K/images_train",
    "VAL_DIR": "../../../dataset/plantnet_300K/images_val",
    "TEST_DIR": "../../../dataset/plantnet_300K/images_test",
    "CHECKPOINT_PATH": "../../../checkpoints/checkpoint_epoch_{}.pth",
    "RESUME_TRAINING": true,
    "LAST_EPOCH": 73,
    "NUM_WORKERS": 12,
    "WEIGHT_DECAY": 0.001,
    "TOTAL_TRAINING_TIME": 736.717910528183,
    "EPOCH_TIMES": [
        736.6555631160736
    ],
    "TRAIN_ACCURACY": [
        0.9495073682061056
    ],
    "VAL_ACCURACY": [
        0.740348272138229
    ],
    "NUM_CLASSES": 398,
    "CLASSES": [
        "1643866",
        "1646149",
        "1664348",
        "1667445",
        "1394399",
        "1394404",
        "1394405",
        "1394420",
        "1394453",
        "1394454",
        "1394455",
        "1394460",
        "1394489",
        "1394498",
        "1394504",
        "1394513",
        "1394591",
        "1394759",
        "1394994",
        "1395391",
        "1395721",
        "1395722",
        "1396133",
        "1396143",
        "1396156",
        "1396159",
        "1412661",
        "1412662",
        "1412697",
        "1412699",
        "1412833",
        "1412889",
        "1412946",
        "1413002",
        "1413391",
        "1413755",
        "1414058",
        "1414275",
        "1369960",
        "1371691",
        "1372016",
        "1374048",
        "1375966",
        "1376366",
        "1359622",
        "1359625",
        "1359669",
        "1360147",
        "1360148",
        "1360153",
        "1360550",
        "1360555",
        "1360588",
        "1360590",
        "1360618",
        "1360671",
        "1360759",
        "1360811",
        "1360835",
        "1360978",
        "1356901",
        "1358132",
        "1358760",
        "1359620",
        "1360998",
        "1362434",
        "1363451",
        "1364172",
        "1369887",
        "1376726",
        "1389044",
        "1391112",
        "1391868",
        "1393250",
        "1393846",
        "1394394",
        "1396161",
        "1397551",
        "1398480",
        "1399920",
        "1401735",
        "1403967",
        "1408045",
        "1408774",
        "1411524",
        "1412659",
        "1418140",
        "1418984",
        "1420496",
        "1432783",
        "1435714",
        "1464459",
        "1497434",
        "1550692",
        "1643491",
        "1408490",
        "1408557",
        "1408688",
        "1438352",
        "1391953",
        "1391963",
        "1392094",
        "1392096",
        "1392361",
        "1392475",
        "1392653",
        "1392654",
        "1392658",
        ".Ds Store",
        "1392689",
        "1392695",
        "1392777",
        "1393241",
        "1419077",
        "1419091",
        "1419115",
        "1419173",
        "1419334",
        "1419923",
        "1398513",
        "1398515",
        "1398567",
        "1398592",
        "1399145",
        "1399231",
        "1399783",
        "1358133",
        "1358150",
        "1358519",
        "1358605",
        "1358689",
        "1358699",
        "1358700",
        "1358701",
        "1358710",
        "1358749",
        "1358751",
        "1358752",
        "1363490",
        "1363491",
        "1363613",
        "1363699",
        "1363700",
        "1363703",
        "1363737",
        "1363740",
        "1363749",
        "1363750",
        "1363764",
        "1363769",
        "1363770",
        "1363778",
        "1363871",
        "1363991",
        "1364000",
        "1364099",
        "1364158",
        "1364159",
        "1364161",
        "1364164",
        "1364165",
        "1497667",
        "1503981",
        "1516297",
        "1529081",
        "1529107",
        "1529124",
        "1529212",
        "1529242",
        "1529265",
        "1529328",
        "1393850",
        "1393933",
        "1393946",
        "1393968",
        "1393980",
        "1393981",
        "1394073",
        "1394082",
        "1394120",
        "1394164",
        "1394382",
        "1389230",
        "1389231",
        "1389294",
        "1389297",
        "1389307",
        "1389442",
        "1389492",
        "1389510",
        "1389553",
        "1389567",
        "1389630",
        "1389921",
        "1390637",
        "1390957",
        "1391110",
        "1402811",
        "1402920",
        "1402921",
        "1402925",
        "1402926",
        "1362489",
        "1362490",
        "1362516",
        "1362582",
        "1362927",
        "1362954",
        "1363021",
        "1363110",
        "1363117",
        "1363126",
        "1363127",
        "1363128",
        "1363129",
        "1363130",
        "1363227",
        "1363336",
        "1396165",
        "1396708",
        "1396713",
        "1396824",
        "1396842",
        "1396843",
        "1397209",
        "1397268",
        "1397303",
        "1397305",
        "1397311",
        "1397312",
        "1397313",
        "1397349",
        "1397351",
        "1397352",
        "1397364",
        "1397387",
        "1397403",
        "1397420",
        "1397491",
        "1397514",
        "1432786",
        "1355868",
        "1355932",
        "1355936",
        "1355937",
        "1355959",
        "1355978",
        "1355990",
        "1356003",
        "1356022",
        "1356075",
        "1356076",
        "1356111",
        "1356126",
        "1356257",
        "1356278",
        "1356382",
        "1356420",
        "1356421",
        "1356428",
        "1356469",
        "1356692",
        "1356781",
        "1356816",
        "1488026",
        "1488171",
        "1418146",
        "1418191",
        "1418546",
        "1418547",
        "1411760",
        "1411832",
        "1411834",
        "1412337",
        "1412410",
        "1412418",
        "1358766",
        "1359197",
        "1359483",
        "1359485",
        "1359486",
        "1359488",
        "1359497",
        "1359498",
        "1359508",
        "1359517",
        "1359518",
        "1359519",
        "1359525",
        "1359616",
        "1393254",
        "1393257",
        "1393393",
        "1393414",
        "1393418",
        "1393423",
        "1393425",
        "1393449",
        "1393450",
        "1393466",
        "1393614",
        "1393654",
        "1393725",
        "1393789",
        "1393792",
        "1618661",
        "1643184",
        "1391192",
        "1391193",
        "1391209",
        "1391226",
        "1391235",
        "1391483",
        "1391529",
        "1391530",
        "1391648",
        "1391649",
        "1391652",
        "1391797",
        "1408788",
        "1408869",
        "1408874",
        "1408961",
        "1408979",
        "1409185",
        "1409191",
        "1409215",
        "1409216",
        "1409238",
        "1409292",
        "1409295",
        "1364173",
        "1367432",
        "1383149",
        "1384485",
        "1384499",
        "1385700",
        "1385701",
        "1385937",
        "1420795",
        "1420863",
        "1421021",
        "1422105",
        "1361024",
        "1361508",
        "1361656",
        "1361660",
        "1361663",
        "1361666",
        "1361668",
        "1361672",
        "1361745",
        "1361759",
        "1361823",
        "1361824",
        "1361847",
        "1361850",
        "1361891",
        "1362294",
        "1357330",
        "1357331",
        "1357379",
        "1357506",
        "1357635",
        "1357652",
        "1357677",
        "1357705",
        "1358094",
        "1358095",
        "1358099",
        "1358101",
        "1358103",
        "1358105",
        "1358108",
        "1358112",
        "1405641",
        "1405685",
        "1405686",
        "1406486",
        "1406863",
        "1408037",
        "1408041",
        "1397556",
